word_id,day_no,word_no,word
1,1,1,TempWord_1
2,1,2,TempWord_2
3,1,3,TempWord_3
4,1,4,TempWord_4
5,1,5,TempWord_5
6,1,6,TempWord_6
7,1,7,TempWord_7
8,1,8,TempWord_8
9,1,9,TempWord_9
10,1,10,TempWord_10
11,1,11,TempWord_11
12,1,12,TempWord_12
13,1,13,TempWord_13
14,1,14,TempWord_14
15,1,15,TempWord_15
16,1,16,TempWord_16
17,1,17,TempWord_17
18,1,18,TempWord_18
19,1,19,TempWord_19
20,1,20,TempWord_20
21,1,21,TempWord_21
22,1,22,TempWord_22
23,1,23,TempWord_23
24,1,24,TempWord_24
25,1,25,TempWord_25
26,1,26,TempWord_26
27,1,27,TempWord_27
28,1,28,TempWord_28
29,1,29,TempWord_29
30,1,30,TempWord_30
31,2,1,TempWord_31
32,2,2,TempWord_32
33,2,3,TempWord_33
34,2,4,TempWord_34
35,2,5,TempWord_35
36,2,6,TempWord_36
37,2,7,TempWord_37
38,2,8,TempWord_38
39,2,9,TempWord_39
40,2,10,TempWord_40
41,2,11,TempWord_41
42,2,12,TempWord_42
43,2,13,TempWord_43
44,2,14,TempWord_44
45,2,15,TempWord_45
46,2,16,TempWord_46
47,2,17,TempWord_47
48,2,18,TempWord_48
49,2,19,TempWord_49
50,2,20,TempWord_50
51,2,21,TempWord_51
52,2,22,TempWord_52
53,2,23,TempWord_53
54,2,24,TempWord_54
55,2,25,TempWord_55
56,2,26,TempWord_56
57,2,27,TempWord_57
58,2,28,TempWord_58
59,2,29,TempWord_59
60,2,30,TempWord_60
61,3,1,TempWord_61
62,3,2,TempWord_62
63,3,3,TempWord_63
64,3,4,TempWord_64
65,3,5,TempWord_65
66,3,6,TempWord_66
67,3,7,TempWord_67
68,3,8,TempWord_68
69,3,9,TempWord_69
70,3,10,TempWord_70
71,3,11,TempWord_71
72,3,12,TempWord_72
73,3,13,TempWord_73
74,3,14,TempWord_74
75,3,15,TempWord_75
76,3,16,TempWord_76
77,3,17,TempWord_77
78,3,18,TempWord_78
79,3,19,TempWord_79
80,3,20,TempWord_80
81,3,21,TempWord_81
82,3,22,TempWord_82
83,3,23,TempWord_83
84,3,24,TempWord_84
85,3,25,TempWord_85
86,3,26,TempWord_86
87,3,27,TempWord_87
88,3,28,TempWord_88
89,3,29,TempWord_89
90,3,30,TempWord_90
91,4,1,deliberate
92,4,2,odour
93,4,3,predator
94,4,4,intertwine
95,4,5,seek
96,4,6,promote
97,4,7,crucial
98,4,8,shelter
99,4,9,archaeology
100,4,10,indigenous
101,4,11,voluntary
102,4,12,rainfall
103,4,13,property
104,4,14,retrieval
105,4,15,certain
106,4,16,capture
107,4,17,subsidiary
108,4,18,abandon
109,4,19,evolutionary
110,4,20,award
111,4,21,habitat
112,4,22,sufficient
113,4,23,escape
114,4,24,allow
115,4,25,hindsight
116,4,26,oppose
117,4,27,determined
118,4,28,vulnerable
119,4,29,presume
120,4,30,apply
121,5,1,TempWord_121
122,5,2,TempWord_122
123,5,3,TempWord_123
124,5,4,TempWord_124
125,5,5,TempWord_125
126,5,6,TempWord_126
127,5,7,TempWord_127
128,5,8,TempWord_128
129,5,9,TempWord_129
130,5,10,TempWord_130
131,5,11,TempWord_131
132,5,12,TempWord_132
133,5,13,TempWord_133
134,5,14,TempWord_134
135,5,15,TempWord_135
136,5,16,TempWord_136
137,5,17,TempWord_137
138,5,18,TempWord_138
139,5,19,TempWord_139
140,5,20,TempWord_140
141,5,21,TempWord_141
142,5,22,TempWord_142
143,5,23,TempWord_143
144,5,24,TempWord_144
145,5,25,TempWord_145
146,5,26,TempWord_146
147,5,27,TempWord_147
148,5,28,TempWord_148
149,5,29,TempWord_149
150,5,30,TempWord_150
151,6,1,TempWord_151
152,6,2,TempWord_152
153,6,3,TempWord_153
154,6,4,TempWord_154
155,6,5,TempWord_155
156,6,6,TempWord_156
157,6,7,TempWord_157
158,6,8,TempWord_158
159,6,9,TempWord_159
160,6,10,TempWord_160
161,6,11,TempWord_161
162,6,12,TempWord_162
163,6,13,TempWord_163
164,6,14,TempWord_164
165,6,15,TempWord_165
166,6,16,TempWord_166
167,6,17,TempWord_167
168,6,18,TempWord_168
169,6,19,TempWord_169
170,6,20,TempWord_170
171,6,21,TempWord_171
172,6,22,TempWord_172
173,6,23,TempWord_173
174,6,24,TempWord_174
175,6,25,TempWord_175
176,6,26,TempWord_176
177,6,27,TempWord_177
178,6,28,TempWord_178
179,6,29,TempWord_179
180,6,30,TempWord_180
181,7,1,TempWord_181
182,7,2,TempWord_182
183,7,3,TempWord_183
184,7,4,TempWord_184
185,7,5,TempWord_185
186,7,6,TempWord_186
187,7,7,TempWord_187
188,7,8,TempWord_188
189,7,9,TempWord_189
190,7,10,TempWord_190
191,7,11,TempWord_191
192,7,12,TempWord_192
193,7,13,TempWord_193
194,7,14,TempWord_194
195,7,15,TempWord_195
196,7,16,TempWord_196
197,7,17,TempWord_197
198,7,18,TempWord_198
199,7,19,TempWord_199
200,7,20,TempWord_200
201,7,21,TempWord_201
202,7,22,TempWord_202
203,7,23,TempWord_203
204,7,24,TempWord_204
205,7,25,TempWord_205
206,7,26,TempWord_206
207,7,27,TempWord_207
208,7,28,TempWord_208
209,7,29,TempWord_209
210,7,30,TempWord_210
211,8,1,TempWord_211
212,8,2,TempWord_212
213,8,3,TempWord_213
214,8,4,TempWord_214
215,8,5,TempWord_215
216,8,6,TempWord_216
217,8,7,TempWord_217
218,8,8,TempWord_218
219,8,9,TempWord_219
220,8,10,TempWord_220
221,8,11,TempWord_221
222,8,12,TempWord_222
223,8,13,TempWord_223
224,8,14,TempWord_224
225,8,15,TempWord_225
226,8,16,TempWord_226
227,8,17,TempWord_227
228,8,18,TempWord_228
229,8,19,TempWord_229
230,8,20,TempWord_230
231,8,21,TempWord_231
232,8,22,TempWord_232
233,8,23,TempWord_233
234,8,24,TempWord_234
235,8,25,TempWord_235
236,8,26,TempWord_236
237,8,27,TempWord_237
238,8,28,TempWord_238
239,8,29,TempWord_239
240,8,30,TempWord_240
241,9,1,TempWord_241
242,9,2,TempWord_242
243,9,3,TempWord_243
244,9,4,TempWord_244
245,9,5,TempWord_245
246,9,6,TempWord_246
247,9,7,TempWord_247
248,9,8,TempWord_248
249,9,9,TempWord_249
250,9,10,TempWord_250
251,9,11,TempWord_251
252,9,12,TempWord_252
253,9,13,TempWord_253
254,9,14,TempWord_254
255,9,15,TempWord_255
256,9,16,TempWord_256
257,9,17,TempWord_257
258,9,18,TempWord_258
259,9,19,TempWord_259
260,9,20,TempWord_260
261,9,21,TempWord_261
262,9,22,TempWord_262
263,9,23,TempWord_263
264,9,24,TempWord_264
265,9,25,TempWord_265
266,9,26,TempWord_266
267,9,27,TempWord_267
268,9,28,TempWord_268
269,9,29,TempWord_269
270,9,30,TempWord_270
271,10,1,TempWord_271
272,10,2,TempWord_272
273,10,3,TempWord_273
274,10,4,TempWord_274
275,10,5,TempWord_275
276,10,6,TempWord_276
277,10,7,TempWord_277
278,10,8,TempWord_278
279,10,9,TempWord_279
280,10,10,TempWord_280
281,10,11,TempWord_281
282,10,12,TempWord_282
283,10,13,TempWord_283
284,10,14,TempWord_284
285,10,15,TempWord_285
286,10,16,TempWord_286
287,10,17,TempWord_287
288,10,18,TempWord_288
289,10,19,TempWord_289
290,10,20,TempWord_290
291,10,21,TempWord_291
292,10,22,TempWord_292
293,10,23,TempWord_293
294,10,24,TempWord_294
295,10,25,TempWord_295
296,10,26,TempWord_296
297,10,27,TempWord_297
298,10,28,TempWord_298
299,10,29,TempWord_299
300,10,30,TempWord_300
301,11,1,TempWord_301
302,11,2,TempWord_302
303,11,3,TempWord_303
304,11,4,TempWord_304
305,11,5,TempWord_305
306,11,6,TempWord_306
307,11,7,TempWord_307
308,11,8,TempWord_308
309,11,9,TempWord_309
310,11,10,TempWord_310
311,11,11,TempWord_311
312,11,12,TempWord_312
313,11,13,TempWord_313
314,11,14,TempWord_314
315,11,15,TempWord_315
316,11,16,TempWord_316
317,11,17,TempWord_317
318,11,18,TempWord_318
319,11,19,TempWord_319
320,11,20,TempWord_320
321,11,21,TempWord_321
322,11,22,TempWord_322
323,11,23,TempWord_323
324,11,24,TempWord_324
325,11,25,TempWord_325
326,11,26,TempWord_326
327,11,27,TempWord_327
328,11,28,TempWord_328
329,11,29,TempWord_329
330,11,30,TempWord_330
331,12,1,TempWord_331
332,12,2,TempWord_332
333,12,3,TempWord_333
334,12,4,TempWord_334
335,12,5,TempWord_335
336,12,6,TempWord_336
337,12,7,TempWord_337
338,12,8,TempWord_338
339,12,9,TempWord_339
340,12,10,TempWord_340
341,12,11,TempWord_341
342,12,12,TempWord_342
343,12,13,TempWord_343
344,12,14,TempWord_344
345,12,15,TempWord_345
346,12,16,TempWord_346
347,12,17,TempWord_347
348,12,18,TempWord_348
349,12,19,TempWord_349
350,12,20,TempWord_350
351,12,21,TempWord_351
352,12,22,TempWord_352
353,12,23,TempWord_353
354,12,24,TempWord_354
355,12,25,TempWord_355
356,12,26,TempWord_356
357,12,27,TempWord_357
358,12,28,TempWord_358
359,12,29,TempWord_359
360,12,30,TempWord_360
361,13,1,TempWord_361
362,13,2,TempWord_362
363,13,3,TempWord_363
364,13,4,TempWord_364
365,13,5,TempWord_365
366,13,6,TempWord_366
367,13,7,TempWord_367
368,13,8,TempWord_368
369,13,9,TempWord_369
370,13,10,TempWord_370
371,13,11,TempWord_371
372,13,12,TempWord_372
373,13,13,TempWord_373
374,13,14,TempWord_374
375,13,15,TempWord_375
376,13,16,TempWord_376
377,13,17,TempWord_377
378,13,18,TempWord_378
379,13,19,TempWord_379
380,13,20,TempWord_380
381,13,21,TempWord_381
382,13,22,TempWord_382
383,13,23,TempWord_383
384,13,24,TempWord_384
385,13,25,TempWord_385
386,13,26,TempWord_386
387,13,27,TempWord_387
388,13,28,TempWord_388
389,13,29,TempWord_389
390,13,30,TempWord_390
391,14,1,TempWord_391
392,14,2,TempWord_392
393,14,3,TempWord_393
394,14,4,TempWord_394
395,14,5,TempWord_395
396,14,6,TempWord_396
397,14,7,TempWord_397
398,14,8,TempWord_398
399,14,9,TempWord_399
400,14,10,TempWord_400
401,14,11,TempWord_401
402,14,12,TempWord_402
403,14,13,TempWord_403
404,14,14,TempWord_404
405,14,15,TempWord_405
406,14,16,TempWord_406
407,14,17,TempWord_407
408,14,18,TempWord_408
409,14,19,TempWord_409
410,14,20,TempWord_410
411,14,21,TempWord_411
412,14,22,TempWord_412
413,14,23,TempWord_413
414,14,24,TempWord_414
415,14,25,TempWord_415
416,14,26,TempWord_416
417,14,27,TempWord_417
418,14,28,TempWord_418
419,14,29,TempWord_419
420,14,30,TempWord_420
421,15,1,TempWord_421
422,15,2,TempWord_422
423,15,3,TempWord_423
424,15,4,TempWord_424
425,15,5,TempWord_425
426,15,6,TempWord_426
427,15,7,TempWord_427
428,15,8,TempWord_428
429,15,9,TempWord_429
430,15,10,TempWord_430
431,15,11,TempWord_431
432,15,12,TempWord_432
433,15,13,TempWord_433
434,15,14,TempWord_434
435,15,15,TempWord_435
436,15,16,TempWord_436
437,15,17,TempWord_437
438,15,18,TempWord_438
439,15,19,TempWord_439
440,15,20,TempWord_440
441,15,21,TempWord_441
442,15,22,TempWord_442
443,15,23,TempWord_443
444,15,24,TempWord_444
445,15,25,TempWord_445
446,15,26,TempWord_446
447,15,27,TempWord_447
448,15,28,TempWord_448
449,15,29,TempWord_449
450,15,30,TempWord_450
451,16,1,TempWord_451
452,16,2,TempWord_452
453,16,3,TempWord_453
454,16,4,TempWord_454
455,16,5,TempWord_455
456,16,6,TempWord_456
457,16,7,TempWord_457
458,16,8,TempWord_458
459,16,9,TempWord_459
460,16,10,TempWord_460
461,16,11,TempWord_461
462,16,12,TempWord_462
463,16,13,TempWord_463
464,16,14,TempWord_464
465,16,15,TempWord_465
466,16,16,TempWord_466
467,16,17,TempWord_467
468,16,18,TempWord_468
469,16,19,TempWord_469
470,16,20,TempWord_470
471,16,21,TempWord_471
472,16,22,TempWord_472
473,16,23,TempWord_473
474,16,24,TempWord_474
475,16,25,TempWord_475
476,16,26,TempWord_476
477,16,27,TempWord_477
478,16,28,TempWord_478
479,16,29,TempWord_479
480,16,30,TempWord_480
481,17,1,TempWord_481
482,17,2,TempWord_482
483,17,3,TempWord_483
484,17,4,TempWord_484
485,17,5,TempWord_485
486,17,6,TempWord_486
487,17,7,TempWord_487
488,17,8,TempWord_488
489,17,9,TempWord_489
490,17,10,TempWord_490
491,17,11,TempWord_491
492,17,12,TempWord_492
493,17,13,TempWord_493
494,17,14,TempWord_494
495,17,15,TempWord_495
496,17,16,TempWord_496
497,17,17,TempWord_497
498,17,18,TempWord_498
499,17,19,TempWord_499
500,17,20,TempWord_500
501,17,21,TempWord_501
502,17,22,TempWord_502
503,17,23,TempWord_503
504,17,24,TempWord_504
505,17,25,TempWord_505
506,17,26,TempWord_506
507,17,27,TempWord_507
508,17,28,TempWord_508
509,17,29,TempWord_509
510,17,30,TempWord_510
511,18,1,TempWord_511
512,18,2,TempWord_512
513,18,3,TempWord_513
514,18,4,TempWord_514
515,18,5,TempWord_515
516,18,6,TempWord_516
517,18,7,TempWord_517
518,18,8,TempWord_518
519,18,9,TempWord_519
520,18,10,TempWord_520
521,18,11,TempWord_521
522,18,12,TempWord_522
523,18,13,TempWord_523
524,18,14,TempWord_524
525,18,15,TempWord_525
526,18,16,TempWord_526
527,18,17,TempWord_527
528,18,18,TempWord_528
529,18,19,TempWord_529
530,18,20,TempWord_530
531,18,21,TempWord_531
532,18,22,TempWord_532
533,18,23,TempWord_533
534,18,24,TempWord_534
535,18,25,TempWord_535
536,18,26,TempWord_536
537,18,27,TempWord_537
538,18,28,TempWord_538
539,18,29,TempWord_539
540,18,30,TempWord_540
541,19,1,TempWord_541
542,19,2,TempWord_542
543,19,3,TempWord_543
544,19,4,TempWord_544
545,19,5,TempWord_545
546,19,6,TempWord_546
547,19,7,TempWord_547
548,19,8,TempWord_548
549,19,9,TempWord_549
550,19,10,TempWord_550
551,19,11,TempWord_551
552,19,12,TempWord_552
553,19,13,TempWord_553
554,19,14,TempWord_554
555,19,15,TempWord_555
556,19,16,TempWord_556
557,19,17,TempWord_557
558,19,18,TempWord_558
559,19,19,TempWord_559
560,19,20,TempWord_560
561,19,21,TempWord_561
562,19,22,TempWord_562
563,19,23,TempWord_563
564,19,24,TempWord_564
565,19,25,TempWord_565
566,19,26,TempWord_566
567,19,27,TempWord_567
568,19,28,TempWord_568
569,19,29,TempWord_569
570,19,30,TempWord_570
571,20,1,TempWord_571
572,20,2,TempWord_572
573,20,3,TempWord_573
574,20,4,TempWord_574
575,20,5,TempWord_575
576,20,6,TempWord_576
577,20,7,TempWord_577
578,20,8,TempWord_578
579,20,9,TempWord_579
580,20,10,TempWord_580
581,20,11,TempWord_581
582,20,12,TempWord_582
583,20,13,TempWord_583
584,20,14,TempWord_584
585,20,15,TempWord_585
586,20,16,TempWord_586
587,20,17,TempWord_587
588,20,18,TempWord_588
589,20,19,TempWord_589
590,20,20,TempWord_590
591,20,21,TempWord_591
592,20,22,TempWord_592
593,20,23,TempWord_593
594,20,24,TempWord_594
595,20,25,TempWord_595
596,20,26,TempWord_596
597,20,27,TempWord_597
598,20,28,TempWord_598
599,20,29,TempWord_599
600,20,30,TempWord_600
